Top queries,Clicks,Impressions,CTR,Position
pw coupon code 250 off,24,122,19.67%,3.28
pw coupon code 500 off,17,191,8.9%,5.97
pw coupon code 1000 off,11,185,5.95%,4.95
vishwas diwas coupon code,4,25,16%,10.44
pw coupon code 2024,3,21,14.29%,12.86
pw vishwas diwas coupon code,2,117,1.71%,8.03
coupon code for pw lakshya batch 2025,2,36,5.56%,6.92
pw coupon code,2,31,6.45%,16.42
pw coupon code 500 off physics wallah,1,10,10%,8.9
pw 500 coupon code,1,9,11.11%,4.44
pw coupon code for lakshya batch,1,7,14.29%,8.86
pw coupon code for arjuna batch,1,7,14.29%,9.29
pw upsc coupon code,1,6,16.67%,12
coupon code for pw batch,1,5,20%,13
sankalp bharat coupon code,1,1,100%,9
pw coupon code 50% off,0,25,0%,7.52
pw coupon code for study material,0,23,0%,9.7
pw vidyapeeth coupon code,0,10,0%,9.4
pw coupon code 250 off physics wallah,0,9,0%,4.56
pw coupon code 200 off,0,9,0%,10.44
physics wallah coupon code 500 off,0,8,0%,8.88
pw store coupon code for study material,0,8,0%,10.62
pw store coupon code,0,7,0%,13.14
vishwas diwas date 2024,0,6,0%,2
gate wallah coupon code,0,6,0%,13.5
pw batch coupon code,0,6,0%,15
pw med ed coupon code,0,5,0%,4
physics wallah coupon code 1000 off,0,5,0%,6
pw ssc coupon code,0,5,0%,6.8
pw coupon code for jee 2024,0,5,0%,9.2
pw coupon code 1000 off physics wallah,0,4,0%,4.25
kumar edutainment coupon code,0,4,0%,12
pw gate coupon code,0,4,0%,12.75
physics wallah coupon code,0,4,0%,19.5
pw meded coupon code,0,3,0%,4
sankalp bharat test series coupon code,0,3,0%,6
coupon code for pw lakshya batch,0,3,0%,8
coupon code for pw test series,0,3,0%,9
pw coupon code neet,0,3,0%,12
pw coupon code for upsc batch,0,3,0%,14.67
pw saarthi coupon code,0,3,0%,15
coupon code for physics wallah,0,3,0%,18.33
pw ashoka batch coupon code,0,2,0%,2
pw 250 coupon code,0,2,0%,3
pw coupon code for ssc mahapack,0,2,0%,3
pw coupon code 2024 neet,0,2,0%,9
coupon code for pw arjuna batch,0,2,0%,9.5
pw coupon code for discount,0,2,0%,14.5
pw coupon code gate,0,2,0%,14.5
pw neet coupon code,0,2,0%,15
coupon code pw,0,2,0%,16
pw discount code,0,2,0%,16
physics wallah coupon code today,0,2,0%,17
vishwas diwas offer last date,0,2,0%,22
coupon code for pw meded,0,1,0%,4
pw coupon code for ssc,0,1,0%,4
yakeen 2.0 2024 coupon code,0,1,0%,4
physics wallah coupon code for ssc,0,1,0%,5
pw ca inter coupon code,0,1,0%,7
pw coupon code 50 off,0,1,0%,7
pw coupon code for ca intermediate,0,1,0%,7
pw khazana coupon code,0,1,0%,7
pw vishwas diwas 2024,0,1,0%,7
banking wallah coupon code,0,1,0%,8
ssc wallah coupon code,0,1,0%,8
pw apply coupon code,0,1,0%,9
pw coupon code for banking,0,1,0%,9
lakshya neet 2025 pw,0,1,0%,10
physics wallah test series coupon code,0,1,0%,10
pw coupon code 100 off,0,1,0%,10
pw offline batch coupon code,0,1,0%,10
pw app coupon code,0,1,0%,11
pw ca coupon code,0,1,0%,11
pw code for discount,0,1,0%,11
pw coupon code 2023,0,1,0%,11
pw coupon code for test series 2024,0,1,0%,11
pw offline batches coupon code,0,1,0%,11
pw study material coupon code,0,1,0%,11
pw coupan code,0,1,0%,13
pw test series coupon code,0,1,0%,13
pw vidyapeeth fastrack coupon code,0,1,0%,13
coupon code pw store,0,1,0%,14
pw med ed price,0,1,0%,14
jee coupons,0,1,0%,16
coupon code for pw,0,1,0%,17
pw codes,0,1,0%,17
pw coupon,0,1,0%,17
pw coupon code 150 off,0,1,0%,17
pw discount coupon code,0,1,0%,17
coupon code for pw store,0,1,0%,18
batch coupon code,0,1,0%,20
physics wallah referral code,0,1,0%,20
pw referral code,0,1,0%,20
physics wala coupon code,0,1,0%,22
cerebellum academy coupon code,0,1,0%,23
vishwas diwas offer last date 2024,0,1,0%,27
yakeen 2025,0,1,0%,28
arjuna jee 4.0,0,1,0%,35
prayas batch physics wallah 2025,0,1,0%,37
pw vishwas diwas offer last date,0,1,0%,38
mpsc wallah,0,1,0%,39
vishwas diwas pw date 2024,0,1,0%,39
yakeen 2.0 2024 free lectures,0,1,0%,39
jee ultimate crash course 2.0,0,1,0%,49
pw bangla,0,1,0%,49
pw med ed notes pdf download,0,1,0%,50
physics wallah ssc cgl course,0,1,0%,54
pw khazana free,0,1,0%,56
vishwas diwas,0,1,0%,57
vishwas diwas physics wallah date,0,1,0%,62
physics wallah gate course fees,0,1,0%,63
pw stationery coupon code,0,1,0%,65
pw neet 2024 dropper batch,0,1,0%,71
physics wallah web series download,0,1,0%,73
gate khazana pw,0,1,0%,75
physics wallah course fees,0,1,0%,78
gre discount code 2023,0,1,0%,83
pw vidyapeeth online classes,0,1,0%,89
yoddha 2.0,0,1,0%,89